07/12/2010,08/12/2010,09/12/2010,10/12/2010,11/12/2010,12/12/2010,13/12/2010,14/12/2010
8:00 AM,8:00 AM,8:00 AM,8:00 AM,8:00 AM,8:00 AM,8:00 AM,8:00 AM
8:30 AM,8:30 AM,8:30 AM,8:30 AM,8:30 AM,8:30 AM,8:30 AM,8:30 AM
9:00 AM,9:00 AM,9:00 AM,9:00 AM,9:00 AM,9:00 AM,9:00 AM,9:00 AM
9:30 AM,9:30 AM,9:30 AM,9:30 AM,9:30 AM,9:30 AM,9:30 AM,9:30 AM
10:00 AM,10:00 AM,10:00 AM,10:00 AM,10:00 AM,10:00 AM,10:00 AM,10:00 AM
10:30 AM,10:30 AM,10:30 AM,10:30 AM,10:30 AM,10:30 AM,10:30 AM,10:30 AM
11:00 AM,11:00 AM,11:00 AM,11:00 AM,11:00 AM,11:00 AM,11:00 AM,11:00 AM
11:30 AM,11:30 AM,11:30 AM,11:30 AM,11:30 AM,11:30 AM,11:30 AM,11:30 AM
12:00 PM,12:00 PM,12:00 PM,12:00 PM,12:00 PM,12:00 PM,12:00 PM,12:00 PM
12:30 PM,12:30 PM,12:30 PM,12:30 PM,12:30 PM,12:30 PM,12:30 PM,12:30 PM
1:00 PM,1:00 PM,1:00 PM,1:00 PM,1:00 PM,1:00 PM,1:00 PM,1:00 PM
1:30 PM,1:30 PM,1:30 PM,1:30 PM,1:30 PM,1:30 PM,1:30 PM,1:30 PM
2:00 PM,2:00 PM,2:00 PM,2:00 PM,2:00 PM,2:00 PM,2:00 PM,2:00 PM
2:30 PM,2:30 PM,2:30 PM,2:30 PM,2:30 PM,2:30 PM,2:30 PM,2:30 PM
3:00 PM,3:00 PM,3:00 PM,3:00 PM,3:00 PM,3:00 PM,3:00 PM,3:00 PM
3:30 PM,3:30 PM,3:30 PM,3:30 PM,3:30 PM,3:30 PM,3:30 PM,3:30 PM
4:00 PM,4:00 PM,4:00 PM,4:00 PM,4:00 PM,4:00 PM,4:00 PM,4:00 PM
4:30 PM,4:30 PM,4:30 PM,4:30 PM,4:30 PM,4:30 PM,4:30 PM,4:30 PM
5:00 PM,5:00 PM,5:00 PM,5:00 PM,5:00 PM,5:00 PM,5:00 PM,5:00 PM
5:30 PM,5:30 PM,5:30 PM,5:30 PM,5:30 PM,5:30 PM,5:30 PM,5:30 PM
6:00 PM,6:00 PM,6:00 PM,6:00 PM,6:00 PM,6:00 PM,6:00 PM,6:00 PM
6:30 PM,6:30 PM,6:30 PM,6:30 PM,6:30 PM,6:30 PM,6:30 PM,6:30 PM
7:00 PM,7:00 PM,7:00 PM,7:00 PM,7:00 PM,7:00 PM,7:00 PM,7:00 PM
7:30 PM,7:30 PM,7:30 PM,7:30 PM,7:30 PM,7:30 PM,7:30 PM,7:30 PM
8:00 PM,8:00 PM,8:00 PM,8:00 PM,8:00 PM,8:00 PM,8:00 PM,8:00 PM
